<?xml version="1.0" encoding="UTF-8"?>

<mule xmlns:vm="http://www.mulesoft.org/schema/mule/vm" xmlns:ws="http://www.mulesoft.org/schema/mule/ws"
	xmlns:json="http://www.mulesoft.org/schema/mule/json" xmlns:http="http://www.mulesoft.org/schema/mule/http"
	xmlns:jms="http://www.mulesoft.org/schema/mule/jms" xmlns="http://www.mulesoft.org/schema/mule/core"
	xmlns:doc="http://www.mulesoft.org/schema/mule/documentation"
	xmlns:spring="http://www.springframework.org/schema/beans" xmlns:xsi="http://www.w3.org/2001/XMLSchema-instance"
	xsi:schemaLocation="http://www.mulesoft.org/schema/mule/json http://www.mulesoft.org/schema/mule/json/current/mule-json.xsd
http://www.springframework.org/schema/beans http://www.springframework.org/schema/beans/spring-beans-current.xsd
http://www.mulesoft.org/schema/mule/core http://www.mulesoft.org/schema/mule/core/current/mule.xsd
http://www.mulesoft.org/schema/mule/http http://www.mulesoft.org/schema/mule/http/current/mule-http.xsd
http://www.mulesoft.org/schema/mule/jms http://www.mulesoft.org/schema/mule/jms/current/mule-jms.xsd
http://www.mulesoft.org/schema/mule/ws http://www.mulesoft.org/schema/mule/ws/current/mule-ws.xsd
http://www.mulesoft.org/schema/mule/vm http://www.mulesoft.org/schema/mule/vm/current/mule-vm.xsd">

	<spring:beans>
		<spring:import resource="classpath:app-context.xml" />
		<spring:import resource="classpath:hazelcast-context.xml" />
		<spring:bean id="objectStore"
			class="org.mule.util.store.SimpleMemoryObjectStore" />
	</spring:beans>

	<jms:activemq-connector name="Active_MQ"
		specification="1.1" brokerURL="failover:tcp://localhost:61616"
		disableTemporaryReplyToDestinations="true" validateConnections="true"
		doc:name="Active MQ" />

	<http:listener-config name="HTTP_Listener_Configuration"
		host="0.0.0.0" port="8670" basePath="Host/Optima" doc:name="HTTP Listener Configuration" />

	<http:request-config name="HTTP_Request_Configuration"
		host="localhost" port="8081" basePath="bellatrix/host/services/ws"
		doc:name="HTTP Request Configuration" />

	<http:request-config name="HTTP_VARequest_Configuration"
		host="#[flowVars.host]" port="#[flowVars.port]" basePath="/"
		doc:name="HTTP Request Configuration" />

	<http:request-config name="HTTPS_VARequest_Configuration"
		host="#[flowVars.host]" port="#[flowVars.port]" basePath="/"
		doc:name="HTTPS Request Configuration" protocol="HTTPS" />

	<vm:connector name="Notification_VM" validateConnections="true"
		doc:name="VM" />
	<vm:endpoint exchange-pattern="one-way" path="notification"
		connector-ref="Notification_VM" name="NotificationVM" doc:name="VM" />

	<spring:beans>
		<spring:bean id="Bean" name="NonNullMapper"
			class="org.codehaus.jackson.map.ObjectMapper">
			<spring:property name="SerializationInclusion">
				<spring:value
					type="org.codehaus.jackson.map.annotate.JsonSerialize.Inclusion">NON_NULL</spring:value>
			</spring:property>
		</spring:bean>
	</spring:beans>

</mule>
