<?xml version="1.0" encoding="UTF-8"?>

<mule xmlns:ws="http://www.mulesoft.org/schema/mule/ws" xmlns:json="http://www.mulesoft.org/schema/mule/json"
	xmlns:http="http://www.mulesoft.org/schema/mule/http" xmlns:jms="http://www.mulesoft.org/schema/mule/jms"
	xmlns="http://www.mulesoft.org/schema/mule/core" xmlns:doc="http://www.mulesoft.org/schema/mule/documentation"
	xmlns:spring="http://www.springframework.org/schema/beans" xmlns:xsi="http://www.w3.org/2001/XMLSchema-instance"
	xsi:schemaLocation="http://www.mulesoft.org/schema/mule/json http://www.mulesoft.org/schema/mule/json/current/mule-json.xsd
http://www.springframework.org/schema/beans http://www.springframework.org/schema/beans/spring-beans-current.xsd
http://www.mulesoft.org/schema/mule/core http://www.mulesoft.org/schema/mule/core/current/mule.xsd
http://www.mulesoft.org/schema/mule/http http://www.mulesoft.org/schema/mule/http/current/mule-http.xsd
http://www.mulesoft.org/schema/mule/jms http://www.mulesoft.org/schema/mule/jms/current/mule-jms.xsd
http://www.mulesoft.org/schema/mule/ws http://www.mulesoft.org/schema/mule/ws/current/mule-ws.xsd">

	<spring:beans>
		<spring:import resource="classpath:app-context.xml" />
	</spring:beans>

	<spring:beans>
		<spring:bean id="Bean" name="NonNullMapper"
			class="org.codehaus.jackson.map.ObjectMapper">
			<spring:property name="SerializationInclusion">
				<spring:value
					type="org.codehaus.jackson.map.annotate.JsonSerialize.Inclusion">NON_NULL</spring:value>
			</spring:property>
		</spring:bean>
	</spring:beans>


	<!-- <jms:activemq-connector name="Active_MQ" specification="1.1" brokerURL="tcp://localhost:61616" 
		cacheJmsSessions="true" disableTemporaryReplyToDestinations="true" durable="false" 
		persistentDelivery="false" validateConnections="true" doc:name="Active MQ" 
		/> -->

	<http:listener-config name="HTTP_Listener_Configuration"
		host="0.0.0.0" port="8081" basePath="Host" doc:name="HTTP Listener Configuration" />

	<http:request-config name="HTTP_Request_Configuration"
		host="10.154.154.222" port="8081" basePath="bellatrix/host/services/ws"
		doc:name="HTTP Request Configuration" />



	<flow name="invalidParameterFlow">
		<expression-component doc:name="Expression">
			<![CDATA[
			responseMap = new org.equinox.api.data.SessionResponse('INVALID_PARAMETER');
			payload = responseMap;]]>
		</expression-component>
		<json:object-to-json-transformer
			doc:name="Object to JSON" mapper-ref="NonNullMapper" />
	</flow>


	<flow name="invalidURLFlow">
		<expression-component doc:name="Expression">
			<![CDATA[
			responseMap = new org.equinox.api.data.SessionResponse('INVALID_URL');
			payload = responseMap;]]>
		</expression-component>
		<json:object-to-json-transformer
			doc:name="Object to JSON" mapper-ref="NonNullMapper" />
	</flow>

</mule>
