<?xml version="1.0" encoding="UTF-8"?>

<mule xmlns:tls="http://www.mulesoft.org/schema/mule/tls"
	xmlns:http="http://www.mulesoft.org/schema/mule/http" xmlns:tracking="http://www.mulesoft.org/schema/mule/ee/tracking"
	xmlns="http://www.mulesoft.org/schema/mule/core" xmlns:doc="http://www.mulesoft.org/schema/mule/documentation"
	xmlns:spring="http://www.springframework.org/schema/beans" version="EE-3.6.0"
	xmlns:xsi="http://www.w3.org/2001/XMLSchema-instance" xmlns:mule-ss="http://www.mulesoft.org/schema/mule/spring-security"
	xmlns:ss="http://www.springframework.org/schema/security"
	xsi:schemaLocation="http://www.springframework.org/schema/beans http://www.springframework.org/schema/beans/spring-beans-current.xsd
http://www.mulesoft.org/schema/mule/core http://www.mulesoft.org/schema/mule/core/current/mule.xsd
http://www.mulesoft.org/schema/mule/http http://www.mulesoft.org/schema/mule/http/current/mule-http.xsd
http://www.mulesoft.org/schema/mule/ee/tracking http://www.mulesoft.org/schema/mule/ee/tracking/current/mule-tracking-ee.xsd
http://www.mulesoft.org/schema/mule/spring-security http://www.mulesoft.org/schema/mule/spring-security/3.1/mule-spring-security.xsd
http://www.springframework.org/schema/security http://www.springframework.org/schema/security/spring-security-3.0.xsd
http://www.mulesoft.org/schema/mule/tls http://www.mulesoft.org/schema/mule/tls/current/mule-tls.xsd
http://www.springframework.org/schema/beans http://www.springframework.org/schema/beans/spring-beans-3.0.xsd
http://www.mulesoft.org/schema/mule/https http://www.mulesoft.org/schema/mule/https/current/mule-https.xsd">


	<spring:beans>
		<spring:bean id="VAobjectStore"
			class="org.mule.util.store.SimpleMemoryObjectStore" />
	</spring:beans>

	<flow name="vaGetRequestFlow">
		<http:listener config-ref="HTTP_Listener_Configuration"
			path="VirtualAccount" allowedMethods="GET,POST" doc:name="HTTP" />
		<message-filter doc:name="Filter favicon">
			<not-filter>
				<wildcard-filter pattern="/favicon.ico"
					caseSensitive="true" />
			</not-filter>
		</message-filter>
		<custom-transformer class="org.equinox.api.data.MessageTransformer"
			doc:name="Java" />
		<set-variable value="#[message.inboundProperties.'http.method']"
			variableName="method" />
		<set-variable value="#[message.id]" variableName="correlationID"
			doc:name="Variable" />
		<set-variable value="#[payload]" variableName="originalPayload"
			doc:name="Variable" />
		<choice>
			<when expression="#[method == 'GET']">
				<logger level="INFO"
					message="[{#[correlationID]} : VA-RETRIEVE Request = #[originalPayload]]"
					doc:name="Logger" />
				<flow-ref name="vaRetrieveValidationFlow" />
				<logger level="INFO"
					message="[{#[correlationID]} : VA-RETRIEVE Response = #[payload]]"
					doc:name="Logger" />
			</when>
			<otherwise>
				<logger level="INFO"
					message="[{#[correlationID]} : VA-REGISTER Request = #[originalPayload]]"
					doc:name="Logger" />
				<flow-ref name="vaRequestValidationFlow" />
				<logger level="INFO"
					message="[{#[correlationID]} : VA-REGISTER Response = #[payload]]"
					doc:name="Logger" />
			</otherwise>
		</choice>
		<exception-strategy ref="sessionException"
			doc:name="Reference Exception Strategy" />
	</flow>

	<flow name="vaUpdateDeleteFlow">
		<http:listener config-ref="HTTP_Listener_Configuration"
			path="VirtualAccount/*" allowedMethods="POST,DELETE" doc:name="HTTP" />
		<message-filter doc:name="Filter favicon">
			<not-filter>
				<wildcard-filter pattern="/favicon.ico"
					caseSensitive="true" />
			</not-filter>
		</message-filter>
		<custom-transformer class="org.equinox.api.data.MessageTransformer"
			doc:name="Java" />
		<set-variable value="#[message.inboundProperties.'http.method']"
			variableName="method" />
		<set-variable value="#[message.id]" variableName="correlationID"
			doc:name="Variable" />
		<set-variable value="#[payload]" variableName="originalPayload"
			doc:name="Variable" />
		<expression-transformer
			expression="#[originalPayload['paymentCode']=org.apache.commons.lang.StringUtils.substringAfterLast(message.inboundProperties.'http.relative.path', '/');originalPayload]"
			doc:name="Expression" />
		<choice>
			<when expression="#[method == 'POST']">
				<logger level="INFO"
					message="[{#[correlationID]} : VA-UPDATE Request = #[originalPayload]]"
					doc:name="Logger" />
				<flow-ref name="vaUpdateValidationFlow" />
				<logger level="INFO"
					message="[{#[correlationID]} : VA-UPDATE Response = #[payload]]"
					doc:name="Logger" />
			</when>
			<otherwise>
				<logger level="INFO"
					message="[{#[correlationID]} : VA-DELETE Request = #[originalPayload]]"
					doc:name="Logger" />
				<flow-ref name="vaDeleteValidationFlow" />
				<logger level="INFO"
					message="[{#[correlationID]} : VA-DELETE Response = #[payload]]"
					doc:name="Logger" />
			</otherwise>
		</choice>
		<exception-strategy ref="sessionException"
			doc:name="Reference Exception Strategy" />
	</flow>


</mule>
