<?xml version="1.0" encoding="UTF-8"?>

<mule xmlns:scripting="http://www.mulesoft.org/schema/mule/scripting"
	xmlns:jms="http://www.mulesoft.org/schema/mule/jms" xmlns:tls="http://www.mulesoft.org/schema/mule/tls"
	xmlns:http="http://www.mulesoft.org/schema/mule/http" xmlns:tracking="http://www.mulesoft.org/schema/mule/ee/tracking"
	xmlns="http://www.mulesoft.org/schema/mule/core" xmlns:doc="http://www.mulesoft.org/schema/mule/documentation"
	xmlns:spring="http://www.springframework.org/schema/beans" xmlns:xsi="http://www.w3.org/2001/XMLSchema-instance"
	xmlns:mule-ss="http://www.mulesoft.org/schema/mule/spring-security"
	xmlns:ss="http://www.springframework.org/schema/security"
	xsi:schemaLocation="http://www.mulesoft.org/schema/mule/scripting http://www.mulesoft.org/schema/mule/scripting/current/mule-scripting.xsd
http://www.springframework.org/schema/beans http://www.springframework.org/schema/beans/spring-beans-current.xsd
http://www.mulesoft.org/schema/mule/core http://www.mulesoft.org/schema/mule/core/current/mule.xsd
http://www.mulesoft.org/schema/mule/http http://www.mulesoft.org/schema/mule/http/current/mule-http.xsd
http://www.mulesoft.org/schema/mule/ee/tracking http://www.mulesoft.org/schema/mule/ee/tracking/current/mule-tracking-ee.xsd
http://www.mulesoft.org/schema/mule/spring-security http://www.mulesoft.org/schema/mule/spring-security/3.1/mule-spring-security.xsd
http://www.springframework.org/schema/security http://www.springframework.org/schema/security/spring-security-3.0.xsd
http://www.mulesoft.org/schema/mule/tls http://www.mulesoft.org/schema/mule/tls/current/mule-tls.xsd
http://www.springframework.org/schema/beans http://www.springframework.org/schema/beans/spring-beans-3.0.xsd
http://www.mulesoft.org/schema/mule/https http://www.mulesoft.org/schema/mule/https/current/mule-https.xsd
http://www.mulesoft.org/schema/mule/jms http://www.mulesoft.org/schema/mule/jms/current/mule-jms.xsd">

	<flow name="vaRequestMainConfigFlow">
		<set-variable variableName="tokennc" value="${api.ws.header.token.nc}"
			doc:name="Variable" />
		<expression-component doc:name="Expression">
		<![CDATA[
			msg='<soapenv:Envelope xmlns:soapenv="http://schemas.xmlsoap.org/soap/envelope/" xmlns:ser="http://services.bellatrix.org/">
				   <soapenv:Header>
				      <ser:headerAuth>
				         <token>' + flowVars['tokennc'] + '</token>
				      </ser:headerAuth>
				   </soapenv:Header>
				   <soapenv:Body>
				      <ser:registerVA>
				         <amount>' + originalPayload['amount'] + '</amount>
				         <bankID>' + originalPayload['bankID'] + '</bankID>
				         <callbackURL>' + originalPayload['callbackUrl'] + '</callbackURL>
				         <expiredAtMinute>' + originalPayload['expiredAtMinute'] + '</expiredAtMinute>
				         <fullPayment>' + originalPayload['fullPayment'] + '</fullPayment>
				         <minimumPayment>' + originalPayload['minimumPayment'] + '</minimumPayment>
				         <name>' + originalPayload['name'] + '</name>
				         <persistent>' + originalPayload['persistent'] + '</persistent>
				         <referenceNumber>' + originalPayload['referenceNumber'] + '</referenceNumber>
				         <username>' + originalPayload['parentUsername'] + '</username>
				      </ser:registerVA>
				   </soapenv:Body>
				</soapenv:Envelope>';
			payload = msg;]]>
		</expression-component>
		<http:request config-ref="HTTP_Request_Configuration"
			path="virtualaccount" method="POST" doc:name="HTTP">
			<http:request-builder>
				<http:header headerName="soapaction" value="&quot;registerVA&quot;" />
			</http:request-builder>
		</http:request>
		<byte-array-to-string-transformer
			doc:name="Byte Array to String" />
		<set-variable value="#[xpath3('//status/message')]"
			variableName="status" doc:name="Variable" />
		<choice doc:name="Choice">
			<when expression="#[flowVars['status'] == 'PROCESSED']">
				<set-variable value="#[xpath3('//ticketID')]"
					variableName="ticket" doc:name="Variable" />
				<set-variable value="#[xpath3('//paymentCode')]"
					variableName="paymentCode" doc:name="Variable" />
				<set-variable value="#[xpath3('//amount')]"
					variableName="amount" doc:name="Variable" />
				<set-variable value="#[xpath3('//name')]" variableName="name"
					doc:name="Variable" />
				<set-variable value="#[xpath3('//bankCode')]"
					variableName="bankCode" doc:name="Variable" />
				<set-variable value="#[xpath3('//bankName')]"
					variableName="bankName" doc:name="Variable" />
				<set-variable value="#[xpath3('//expiredAt')]"
					variableName="expiredAt" doc:name="Variable" />
				<set-variable value="#[xpath3('//fullPayment')]"
					variableName="fullPayment" doc:name="Variable" />
				<set-variable value="#[xpath3('//persistent')]"
					variableName="persistent" doc:name="Variable" />
				<expression-component doc:name="Expression">
					<![CDATA[
					detailMap = new java.util.HashMap();
					detailMap['paymentCode'] = flowVars['paymentCode'];
					detailMap['persistent']= flowVars['persistent'];
					detailMap['expiredAt']= flowVars['expiredAt'];
			
					bankMap = new java.util.HashMap();
					bankMap['name'] = flowVars['bankName'];
					bankMap['bankCode'] = flowVars['bankCode'];

					responseMap = new java.util.LinkedHashMap();
					responseMap['recordDetail'] = detailMap;
					responseMap['bank'] = bankMap;
					responseMap['ticketID'] = flowVars['ticket'];

					responseList = new java.util.LinkedList();
					responseList = [responseMap];
					
					vaMap = new java.util.HashMap();
					vaMap['VirtualAccountResponse']= responseList;	
					vaMap['status'] = org.equinox.api.data.StatusBuilder.getStatus('PROCESSED');
					payload = vaMap;]]>
				</expression-component>
			</when>
			<otherwise>
				<expression-component doc:name="Expression">
					<![CDATA[
					responseMap = new java.util.HashMap();
					responseMap['status']= org.equinox.api.data.StatusBuilder.getStatus(flowVars['status']);			
					payload = responseMap;]]>
				</expression-component>
			</otherwise>
		</choice>
		<flow-ref name="responseHandlerFlow" doc:name="Flow Reference" />
	</flow>


</mule>
