<?xml version="1.0" encoding="UTF-8"?>
<beans xmlns="http://www.springframework.org/schema/beans"
	xmlns:xsi="http://www.w3.org/2001/XMLSchema-instance" xmlns:context="http://www.springframework.org/schema/context"
	xmlns:util="http://www.springframework.org/schema/util" xmlns:jdbc="http://www.springframework.org/schema/jdbc"
	xmlns:mongo="http://www.springframework.org/schema/data/mongo"
	xmlns:hz="http://www.hazelcast.com/schema/spring" xmlns:tx="http://www.springframework.org/schema/tx"
	xsi:schemaLocation="http://www.springframework.org/schema/beans http://www.springframework.org/schema/beans/spring-beans-2.5.xsd
http://www.springframework.org/schema/context http://www.springframework.org/schema/context/spring-context-2.5.xsd
http://www.springframework.org/schema/jdbc http://www.springframework.org/schema/jdbc/spring-jdbc-3.0.xsd
http://www.springframework.org/schema/data/mongo http://www.springframework.org/schema/data/mongo/spring-mongo-1.5.xsd
http://www.springframework.org/schema/util http://www.springframework.org/schema/util/spring-util-3.0.xsd
http://www.hazelcast.com/schema/spring https://hazelcast.com/schema/spring/hazelcast-spring-3.7.xsd
http://www.springframework.org/schema/tx http://www.springframework.org/schema/tx/spring-tx-4.0.xsd">

	<bean id="JWTProcessor" class="org.equinox.api.auth.JWTProcessor">
		<property name="issuer" value="${api.jwt.issuer.value}" />
		<property name="subject" value="${api.jwt.subject.value}" />
	</bean>

	<bean id="JWTDecoder" class="org.equinox.api.auth.JWTDecoder" />
	<bean id="JWTValidation" class="org.equinox.api.auth.JWTValidation">
		<property name="issuer" value="${api.jwt.issuer.value}" />
	</bean>

	<bean id="HashValidation" class="org.equinox.api.auth.HashValidation" />
	<bean id="Configurator" class="org.equinox.api.process.Configurator" />

	<bean id="RegisterRequest" class="org.equinox.api.process.RegisterRequestProcessor">
		<property name="instance" ref="Instance" />
		<property name="configurator" ref="Configurator" />
	</bean>

</beans>